1741071891.0955207,None
1741071891.0955207,None
1741071901.0957804,None
1741071901.0957804,None
1741071911.0958924,None
1741071911.0958924,None
1741072035.3623302,None
1741072035.3623302,None
1741072045.363321,None
1741072045.363321,None
1741072055.3643835,None
1741072055.3643835,None
1741072065.3727624,None
1741072065.3727624,None
1741072075.3734796,None
1741072075.3734796,None
1741072085.3740816,None
1741072085.3740816,None
1741072095.3756318,None
1741072095.3756318,None
1741072105.37674,None
1741072105.37674,None
1741072123.5446067,None
1741072123.5446067,None
1741072133.5448215,None
1741072133.5448215,None
1741072143.5464458,None
1741072143.5464458,None
1741072153.5466998,None
1741072153.5466998,None
1741072163.5475214,None
1741072163.5475214,None
1741072173.557242,None
1741072173.557242,None
1741072183.5578668,None
1741072183.5578668,None
1741072193.5579734,None
1741072193.5579734,None
1741072203.5677724,None
1741072203.5677724,None
1741072249.4640136,None
1741072249.4640136,None
1741072259.4718528,None
1741072259.4718528,None
1741072272.2130866,None
1741072272.2130866,None
1741072282.221131,None
1741072282.221131,None
1741072292.2217436,None
1741072292.2217436,None
1741072302.2251217,None
1741072302.2251217,None
1741072312.2257118,None
1741072312.2257118,None
1741072322.2264276,None
1741072322.2264276,None
1741072332.2409198,None
1741072332.2409198,None
1741072348.9786825,None
1741072348.9786825,None
1741072358.9811332,None
1741072358.9811332,None
1741072368.9819973,None
1741072368.9819973,None
1741072378.9966147,None
1741072378.9966147,None
1741072388.9990387,None
1741072388.9990387,None
1741072399.0096648,None
1741072399.0096648,None
1741072409.0127048,None
1741072409.0127048,None
1741072419.0134473,None
1741072419.0134473,None
1741072429.02292,None
1741072429.02292,None
1741072478.31626,None
1741072478.31626,None
1741072483.3164988,None
1741072483.3164988,None
1741072488.329649,None
1741072488.329649,None
1741072493.345797,None
1741072493.345797,None
1741072602.4945836,None
1741072602.4945836,None
1741072607.4955022,None
1741072607.4955022,None
1741072612.5021267,None
1741072612.5021267,None
1741072617.5039585,None
1741072617.5039585,None
1741072622.5048416,None
1741072622.5048416,None
1741072627.5091462,None
1741072655.6303914,None
1741072655.6303914,None
1741072660.63044,None
1741072660.63044,None
1741072665.6339216,None
1741072665.6339216,None
1741072670.6379285,None
1741072670.6379285,None
1741072675.6380248,None
1741072675.6380248,None
1741072680.6410854,None
1741072680.6410854,None
1741072685.6495054,None
1741072685.6495054,None
1741072690.6586092,None
1741072690.6586092,None
1741072695.6624665,None
1741072695.6624665,None
1741072700.6629558,None
1741072700.6629558,None
1741072705.6685133,None
1741072705.6685133,None
1741072710.6721218,None
1741072710.6721218,None
1741072715.6822722,None
1741072715.6822722,None
1741072720.6898692,None
1741072720.6898692,None
1741072725.6922803,None
1741072725.6922803,None
1741072730.6925273,None
1741072730.6925273,None
1741072735.6952736,None
1741072735.6952736,None
1741072740.705435,None
1741072740.705435,None
1741072745.7086506,None
1741072745.7086506,None
1741072750.723685,None
1741072750.723685,None
1741072755.727234,None
1741072755.727234,None
1741072760.7279787,None
1741072760.7279787,None
1741072765.7289732,None
1741072765.7289732,None
1741072770.7293258,None
1741072770.7293258,None
1741072775.7308743,None
1741072775.7308743,None
1741072780.7321668,None
1741072780.7321668,None
1741072785.732369,None
1741072785.732369,None
1741072797.157824,None
1741072797.157824,None
1741072802.1603088,None
1741072802.1603088,None
1741072859.11248,None
1741072859.11248,None
1741072864.118007,None
1741072864.118007,None
1741072869.1204531,None
1741072869.1204531,None
1741072874.1229746,None
1741072874.1229746,None
1741072879.123899,None
1741072879.123899,None
1741072891.5647094,None
1741072891.5647094,None
1741072896.5795894,None
1741072896.5795894,None
1741072901.5879867,None
1741072901.5879867,None
1741072906.5950675,None
1741072906.5950675,None
1741072911.6078277,None
1741072911.6078277,None
1741072916.6118858,None
1741072916.6118858,None
1741072921.6269474,None
1741072921.6269474,None
1741072926.652427,None
1741072926.652427,None
1741072931.6532638,None
1741072931.6532638,None
1741072936.6534579,None
1741072936.6534579,None
1741072941.6541665,None
1741072941.6541665,None
1741072946.670688,None
1741072946.670688,None
1741072951.6840608,None
1741072951.6840608,None
1741072956.6881301,None
1741072956.6881301,None
1741072961.7025416,None
1741072961.7025416,None
1741072966.708003,None
1741072966.708003,None
1741072971.7210267,None
1741072971.7210267,None
1741072976.7240338,None
1741072976.7240338,None
1741072981.7362893,None
1741072981.7362893,None
1741072986.750088,None
1741072986.750088,None
1741072991.7531588,None
1741072991.7531588,None
1741072996.7556365,None
1741072996.7556365,None
1741073001.7591984,None
1741073001.7591984,None
1741073006.768801,None
1741073006.768801,None
1741073011.7699795,None
1741073011.7699795,None
1741073016.7749784,None
1741073016.7749784,None
1741073021.7758157,None
1741073021.7758157,None
1741073026.785742,None
1741073026.785742,None
1741073031.792641,None
1741073031.792641,None
1741073036.8056672,None
1741073036.8056672,None
1741073041.8119621,None
1741073041.8119621,None
1741073046.819412,None
1741073046.819412,None
1741073051.8278463,None
1741073051.8278463,None
1741073056.8371472,None
1741073056.8371472,None
1741073061.8493664,None
1741073061.8493664,None
1741073066.8524666,None
1741073066.8524666,None
1741073071.8633509,None
1741073071.8633509,None
1741073076.86717,None
1741073076.86717,None
1741073081.8757236,None
1741073081.8757236,None
1741073086.8827183,None
1741073086.8827183,None
1741073091.891783,None
1741073091.891783,None
1741073096.9046357,None
1741073096.9046357,None
1741073101.9176872,None
1741073101.9176872,None
1741073106.9317985,None
1741073106.9317985,None
1741073111.939312,None
1741073111.939312,None
1741073116.9485707,None
1741073116.9485707,None
1741073121.9545815,None
1741073121.9545815,None
1741073126.9675393,None
1741073126.9675393,None
1741073131.9819665,None
1741073131.9819665,None
1741073136.9927568,None
1741073136.9927568,None
1741073141.9996057,None
1741073141.9996057,None
1741073147.0041482,None
1741073147.0041482,None
1741073152.0189085,None
1741073152.0189085,None
1741073157.0336123,None
1741073157.0336123,None
1741073162.0357094,None
1741073162.0357094,None
1741073167.0449753,None
1741073167.0449753,None
1741073172.053241,None
1741073172.053241,None
1741073177.0587087,None
1741073177.0587087,None
1741073182.067493,None
1741073182.067493,None
1741073187.0737333,None
1741073187.0737333,None
1741073192.0834348,None
1741073192.0834348,None
1741073197.0927558,None
1741073197.0927558,None
1741073202.097363,None
1741073202.097363,None
1741073207.1045713,None
1741073207.1045713,None
1741073212.1153774,None
1741073212.1153774,None
1741073217.1241474,None
1741073217.1241474,None
1741073222.1316578,None
1741073222.1316578,None
1741073227.1396637,None
1741073227.1396637,None
1741073232.1477947,None
1741073232.1477947,None
1741073237.1663544,None
1741073237.1663544,None
1741073242.180751,None
1741073242.180751,None
1741073247.1816902,None
1741073247.1816902,None
1741073252.195562,None
1741073252.195562,None
1741073257.1991987,None
1741073257.1991987,None
1741073262.2116055,None
1741073262.2116055,None
1741073267.2189183,None
1741073267.2189183,None
1741073272.2276797,None
1741073272.2276797,None
1741073277.2368908,None
1741073277.2368908,None
1741073282.25256,None
1741073282.25256,None
1741073287.2652667,None
1741073287.2652667,None
1741073292.2843132,None
1741073292.2843132,None
1741073297.2987154,None
1741073297.2987154,None
1741073302.306692,None
1741073302.306692,None
1741073307.3164742,None
1741073307.3164742,None
1741073312.3233874,None
1741073312.3233874,None
1741073317.3308108,None
1741073317.3308108,None
1741073322.3403063,None
1741073322.3403063,None
1741073327.3473473,None
1741073327.3473473,None
1741073332.3495445,None
1741073332.3495445,None
1741073337.363725,None
1741073337.363725,None
1741073342.3677964,None
1741073342.3677964,None
1741073347.379654,None
1741073347.379654,None
1741073352.3881762,None
1741073352.3881762,None
1741073357.3957515,None
1741073357.3957515,None
1741073362.403012,None
1741073362.403012,None
1741073367.4102702,None
1741073367.4102702,None
1741073372.418345,None
1741073372.418345,None
1741073377.4198356,None
1741073377.4198356,None
1741073382.4269805,None
1741073382.4269805,None
1741073387.4277716,None
1741073387.4277716,None
1741073392.430398,None
1741073392.430398,None
1741073397.442319,None
1741073397.442319,None
1741073402.4515474,None
1741073402.4515474,None
1741073407.4602594,None
1741073407.4602594,None
1741073412.4691002,None
1741073412.4691002,None
1741073417.4850624,None
1741073417.4850624,None
1741073422.494426,None
1741073422.494426,None
1741073427.4948246,None
1741073427.4948246,None
1741073432.5018063,None
1741073432.5018063,None
1741073437.5155826,None
1741073437.5155826,None
1741073442.5299442,None
1741073442.5299442,None
1741073447.5317602,None
1741073447.5317602,None
1741073452.5321667,None
1741073452.5321667,None
1741073457.5446172,None
1741073457.5446172,None
1741073462.5600471,None
1741073462.5600471,None
1741073467.561,None
1741073467.561,None
1741073472.5776625,None
1741073472.5776625,None
1741073477.5941486,None
1741073477.5941486,None
1741073482.5950975,None
1741073482.5950975,None
1741073487.6033611,None
1741073487.6033611,None
1741073492.610458,None
1741073492.610458,None
1741073497.6163902,None
1741073497.6163902,None
1741073502.627108,None
1741073502.627108,None
1741073507.6437833,None
1741073507.6437833,None
1741073512.656096,None
1741073512.656096,None
1741073517.6653335,None
1741073517.6653335,None
1741073522.670413,None
1741073522.670413,None
1741073527.6768007,None
1741073527.6768007,None
1741073532.6870975,None
1741073532.6870975,None
1741073537.6928802,None
1741073537.6928802,None
1741073542.6933134,None
1741073542.6933134,None
1741073547.6951506,None
1741073547.6951506,None
1741073552.7161393,None
1741073552.7161393,None
1741073557.7175488,None
1741073557.7175488,None
1741073562.7248602,None
1741073562.7248602,None
1741073567.725902,None
1741073567.725902,None
1741073572.726806,None
1741073572.726806,None
1741073577.7410383,None
1741073577.7410383,None
1741073582.749002,None
1741073582.749002,None
1741073587.7569547,None
1741073587.7569547,None
1741073592.7593145,None
1741073592.7593145,None
1741073597.7618492,None
1741073597.7618492,None
1741073602.7700744,None
1741073602.7700744,None
1741073607.7780106,None
1741073607.7780106,None
1741073612.7806869,None
1741073612.7806869,None
1741073617.7905033,None
1741073617.7905033,None
1741073622.7935328,None
1741073622.7935328,None
1741073627.800858,None
1741073627.800858,None
1741073632.8153572,None
1741073632.8153572,None
1741073637.8176804,None
1741073637.8176804,None
1741073642.8294318,None
1741073642.8294318,None
1741073647.8363643,None
1741073647.8363643,None
1741073652.839427,None
1741073652.839427,None
1741073657.8407059,None
1741073657.8407059,None
1741073662.8496337,None
1741073662.8496337,None
1741073667.8574655,None
1741073667.8574655,None
1741073672.863007,None
1741073672.863007,None
1741073677.8653178,None
1741073677.8653178,None
1741073682.8735468,None
1741073682.8735468,None
1741073687.8743086,None
1741073687.8743086,None
1741073692.879659,None
1741073692.879659,None
1741073697.8814027,None
1741073697.8814027,None
1741073702.8853533,None
1741073702.8853533,None
1741073707.8945334,None
1741073707.8945334,None
1741073712.9050372,None
1741073712.9050372,None
1741073717.9069278,None
1741073717.9069278,None
1741073722.9074485,None
1741073722.9074485,None
1741073727.911478,None
1741073727.911478,None
1741073732.9180174,None
1741073732.9180174,None
1741073737.9304492,None
1741073737.9304492,None
1741073742.9375002,None
1741073742.9375002,None
1741073747.9456966,None
1741073747.9456966,None
1741073752.9488676,None
1741073752.9488676,None
1741073757.9534254,None
1741073757.9534254,None
1741073762.967617,None
1741073762.967617,None
1741073767.9728324,None
1741073767.9728324,None
1741073772.9841013,None
1741073772.9841013,None
1741073777.9854333,None
1741073777.9854333,None
1741073782.98731,None
1741073782.98731,None
1741073787.9893196,None
1741073787.9893196,None
1741073793.0041652,None
1741073793.0041652,None
1741073798.005894,None
1741073798.005894,None
1741073803.019899,None
1741073803.019899,None
1741073808.025703,None
1741073808.025703,None
1741073813.0377827,None
1741073813.0377827,None
1741073818.0449944,None
1741073818.0449944,None
1741073823.0508623,None
1741073823.0508623,None
1741073828.0568883,None
1741073828.0568883,None
1741073833.0667503,None
1741073833.0667503,None
1741073838.068302,None
1741073838.068302,None
1741073843.073246,None
1741073843.073246,None
1741073848.0874703,None
1741073848.0874703,None
1741073853.0970645,None
1741073853.0970645,None
1741073858.1003294,None
1741073858.1003294,None
1741073863.1161895,None
1741073863.1161895,None
1741073868.120188,None
1741073868.120188,None
1741073873.1276078,None
1741073873.1276078,None
1741073878.133988,None
1741073878.133988,None
1741073883.1430383,None
1741073883.1430383,None
1741073888.1530282,None
1741073888.1530282,None
1741073893.1628726,None
1741073893.1628726,None
1741073898.1632023,None
1741073898.1632023,None
1741073903.1786635,None
1741073903.1786635,None
1741073908.1857874,None
1741073908.1857874,None
1741073913.1946218,None
1741073913.1946218,None
1741073918.2007527,None
1741073918.2007527,None
1741073923.2106907,None
1741073923.2106907,None
1741073928.2210608,None
1741073928.2210608,None
1741073933.2297752,None
1741073933.2297752,None
1741073938.2335384,None
1741073938.2335384,None
1741073943.2431817,None
1741073943.2431817,None
1741075287.7902243,None
1741075287.7902243,None
1741075292.7918859,None
1741075292.7918859,None
1741075297.802139,None
1741075297.802139,None
1741075302.8077438,None
1741075302.8077438,None
1741075307.811712,None
1741075307.811712,None
1741075312.8206897,None
1741075312.8206897,None
1741075317.828693,None
1741075317.828693,None
1741075322.8297577,None
1741075322.8297577,None
1741075327.8457801,None
1741075327.8457801,None
1741075332.8535426,None
1741075332.8535426,None
1741075337.861235,None
1741075337.861235,None
1741075342.8659127,None
1741075342.8659127,None
1741075347.8662193,None
1741075347.8662193,None
1741075352.8714232,None
1741075352.8714232,None
1741075357.882679,None
1741075357.882679,None
1741075362.8885126,None
1741075362.8885126,None
1741075367.894759,None
1741075367.894759,None
1741075372.9054344,None
1741075372.9054344,None
1741075377.9078026,None
1741075377.9078026,None
1741075382.9283724,None
1741075382.9283724,None
1741075387.93946,None
1741075387.93946,None
1741075392.9473617,None
1741075392.9473617,None
1741075397.9575784,None
1741075397.9575784,None
1741075402.9688566,None
1741075402.9688566,None
1741075407.9752626,None
1741075407.9752626,None
1741075412.9825737,None
1741075412.9825737,None
1741075417.985627,None
1741075417.985627,None
1741075423.000126,None
1741075423.000126,None
1741075428.000249,None
1741075428.000249,None
1741075433.0147574,None
1741075433.0147574,None
1741075438.0246475,None
1741075438.0246475,None
1741075443.0285814,None
1741075443.0285814,None
1741075448.0404332,None
1741075448.0404332,None
1741075453.0449653,None
1741075453.0449653,None
1741075458.051856,None
1741075458.051856,None
1741075463.0586805,None
1741075463.0586805,None
1741075468.0729458,None
1741075468.0729458,None
1741075473.0760453,None
1741075473.0760453,None
1741075478.0902264,None
1741075478.0902264,None
1741075483.0973382,None
1741075483.0973382,None
1741075488.103147,None
1741075488.103147,None
1741075493.1141465,None
1741075493.1141465,None
1741075498.1217344,None
1741075498.1217344,None
1741075503.1234026,None
1741075503.1234026,None
1741075508.1345625,None
1741075508.1345625,None
1741075513.1384974,None
1741075513.1384974,None
1741075518.1522052,None
1741075518.1522052,None
1741075523.1572068,None
1741075523.1572068,None
1741075528.168111,None
1741075528.168111,None
1741075533.176996,None
1741075533.176996,None
1741075538.1819227,None
1741075538.1819227,None
1741075543.1923454,None
1741075543.1923454,None
1741075548.2012753,None
1741075548.2012753,None
1741075553.2092562,None
1741075553.2092562,None
1741075558.218434,None
1741075558.218434,None
1741075563.224839,None
1741075563.224839,None
1741075568.2289557,None
1741075568.2289557,None
1741075573.2394547,None
1741075573.2394547,None
1741075578.2501981,None
1741075578.2501981,None
1741075583.258585,None
1741075583.258585,None
1741075588.263377,None
1741075588.263377,None
1741075593.2687078,None
1741075593.2687078,None
1741075598.27097,None
1741075598.27097,None
1741075603.272275,None
1741075603.272275,None
1741075608.274182,None
1741075608.274182,None
1741075613.2891915,None
1741075613.2891915,None
1741075618.2964816,None
1741075618.2964816,None
1741075623.2984297,None
1741075623.2984297,None
1741075628.3134363,None
1741075628.3134363,None
1741075633.3215315,None
1741075633.3215315,None
1741075638.3242807,None
1741075638.3242807,None
1741075643.3309557,None
1741075643.3309557,None
1741075648.342033,None
1741075648.342033,None
1741075653.3524575,None
1741075653.3524575,None
1741075658.361733,None
1741075658.361733,None
1741075663.3719208,None
1741075663.3719208,None
1741075668.3816984,None
1741075668.3816984,None
1741075673.389461,None
1741075673.389461,None
1741075678.400911,None
1741075678.400911,None
1741075683.4088738,None
1741075683.4088738,None
1741075688.4113905,None
1741075688.4113905,None
1741075693.4263191,None
1741075693.4263191,None
1741075698.432736,None
1741075698.432736,None
1741075703.4339876,None
1741075703.4339876,None
1741075708.4368324,None
1741075708.4368324,None
1741075713.4469185,None
1741075713.4469185,None
1741075718.456799,None
1741075718.456799,None
1741075723.4573667,None
1741075723.4573667,None
1741075728.4718251,None
1741075728.4718251,None
1741075733.473355,None
1741075733.473355,None
1741075738.4736938,None
1741075738.4736938,None
1741075743.475875,None
1741075743.475875,None
1741075748.4831665,None
1741075748.4831665,None
1741075753.4911447,None
1741075753.4911447,None
1741075758.5000114,None
1741075758.5000114,None
1741075763.5162055,None
1741075763.5162055,None
1741075768.520624,None
1741075768.520624,None
1741075773.5265162,None
1741075773.5265162,None
1741075778.5314155,None
1741075778.5314155,None
1741075783.5391166,None
1741075783.5391166,None
1741075788.5462036,None
1741075788.5462036,None
1741075793.5462687,None
1741075793.5462687,None
1741075798.548408,None
1741075798.548408,None
1741075803.5608506,None
1741075803.5608506,None
1741075808.5684752,None
1741075808.5684752,None
1741075813.5689676,None
1741075813.5689676,None
1741075818.5802956,None
1741075818.5802956,None
1741075823.5827718,None
1741075823.5827718,None
1741075828.5893624,None
1741075828.5893624,None
1741075833.5909367,None
1741075833.5909367,None
1741075838.6011708,None
1741075838.6011708,None
1741075843.6086318,None
1741075843.6086318,None
1741075848.6141884,None
1741075848.6141884,None
1741075853.6173766,None
1741075853.6173766,None
1741075858.6192813,None
1741075858.6192813,None
1741075863.6240213,None
1741075863.6240213,None
1741075868.6327257,None
1741075868.6327257,None
1741075873.639608,None
1741075873.639608,None
1741075878.6488805,None
1741075878.6488805,None
1741075883.6647315,None
1741075883.6647315,None
1741075888.678998,None
1741075888.678998,None
1741075893.6923752,None
1741075893.6923752,None
1741075898.6947508,None
1741075898.6947508,None
1741075903.6984973,None
1741075903.6984973,None
1741075908.711777,None
1741075908.711777,None
1741075913.7207048,None
1741075913.7207048,None
1741075918.7279515,None
1741075918.7279515,None
1741075923.7410386,None
1741075923.7410386,None
1741075928.744377,None
1741075928.744377,None
1741075933.7461817,None
1741075933.7461817,None
1741075938.7611067,None
1741075938.7611067,None
1741075943.761757,None
1741075943.761757,None
1741075948.76253,None
1741075948.76253,None
1741075953.7763054,None
1741075953.7763054,None
1741075958.77756,None
1741075958.77756,None
1741075963.780121,None
1741075963.780121,None
1741075968.7928488,None
1741075968.7928488,None
1741075973.8082917,None
1741075973.8082917,None
1741075978.8089354,None
1741075978.8089354,None
1741075983.8099759,None
1741075983.8099759,None
1741075988.8123474,None
1741075988.8123474,None
1741075993.8270197,None
1741075993.8270197,None
1741075998.8321822,None
1741075998.8321822,None
1741076003.8428204,None
1741076003.8428204,None
1741076008.8430274,None
1741076008.8430274,None
1741076013.8557131,None
1741076013.8557131,None
1741076018.8561847,None
1741076018.8561847,None
1741076023.8652532,None
1741076023.8652532,None
1741076028.8726885,None
1741076028.8726885,None
1741076033.8811631,None
1741076033.8811631,None
1741076038.888995,None
1741076038.888995,None
1741076043.9052148,None
1741076043.9052148,None
1741076048.92111,None
1741076048.92111,None
1741076053.9288096,None
1741076053.9288096,None
1741076058.9376276,None
1741076058.9376276,None
1741076063.9405842,None
1741076063.9405842,None
1741076068.9530437,None
1741076068.9530437,None
1741076073.953425,None
1741076073.953425,None
1741076078.9691894,None
1741076078.9691894,None
1741076083.9738388,None
1741076083.9738388,None
1741076088.97666,None
1741076088.97666,None
1741076093.9903357,None
1741076093.9903357,None
1741076099.000229,None
1741076099.000229,None
1741076104.008651,None
1741076104.008651,None
1741076109.0152047,None
1741076109.0152047,None
1741076114.024208,None
1741076114.024208,None
1741076119.0319858,None
1741076119.0319858,None
1741076124.0405838,None
1741076124.0405838,None
1741076129.0486574,None
1741076129.0486574,None
1741076134.0677376,None
1741076134.0677376,None
1741076139.0809617,None
1741076139.0809617,None
1741076144.086881,None
1741076144.086881,None
1741076149.0909417,None
1741076149.0909417,None
1741076154.1028934,None
1741076154.1028934,None
1741076159.1135068,None
1741076159.1135068,None
1741076164.1202588,None
1741076164.1202588,None
1741076169.1313698,None
1741076169.1313698,None
1741076174.1357696,None
1741076174.1357696,None
1741076179.136357,None
1741076179.136357,None
1741076184.139199,None
1741076184.139199,None
1741076374.5766754,None
1741076374.5766754,None
1741076379.586175,None
1741076379.586175,None
1741076384.5906706,None
1741076384.5906706,None
1741076389.6016686,None
1741076389.6016686,None
1741076394.6069522,None
1741076394.6069522,None
1741076399.6175056,None
1741076399.6175056,None
1741076404.6222794,None
1741076404.6222794,None
1741076409.6297362,None
1741076409.6297362,None
1741076414.637907,None
1741076414.637907,None
1741076419.6446786,None
1741076419.6446786,None
1741076424.6545715,None
1741076424.6545715,None
1741076429.6614738,None
1741076429.6614738,None
1741076434.6685922,None
1741076434.6685922,None
1741076439.6746976,None
1741076439.6746976,None
1741076444.6902816,None
1741076444.6902816,None
1741076449.6976132,None
1741076449.6976132,None
1741076454.700142,None
1741076454.700142,None
1741076459.7131245,None
1741076459.7131245,None
1741076464.7199364,None
1741076464.7199364,None
1741076469.729034,None
1741076469.729034,None
1741076474.7357013,None
1741076474.7357013,None
1741076479.7523763,None
1741076479.7523763,None
1741076484.753192,None
1741076484.753192,None
1741076489.7682784,None
1741076489.7682784,None
1741076494.7686074,None
1741076494.7686074,None
1741076499.77964,None
1741076499.77964,None
1741076504.7843065,None
1741076504.7843065,None
1741076509.7856627,None
1741076509.7856627,None
1741076514.785788,None
1741076514.785788,None
1741076519.7942178,None
1741076519.7942178,None
1741076524.801295,None
1741076524.801295,None
1741076529.8020382,None
1741076529.8020382,None
1741076534.8144836,None
1741076534.8144836,None
1741076539.826097,None
1741076539.826097,None
1741076544.830531,None
1741076544.830531,None
1741076549.8347096,None
1741076549.8347096,None
1741076554.8497033,None
1741076554.8497033,None
1741076559.8583593,None
1741076559.8583593,None
1741076564.8641443,None
1741076564.8641443,None
1741076569.8645291,None
1741076569.8645291,None
1741076574.8803422,None
1741076574.8803422,None
1741076579.8903565,None
1741076579.8903565,None
1741076584.8965907,None
1741076584.8965907,None
1741076589.900107,None
1741076589.900107,None
1741076594.9012115,None
1741076594.9012115,None
1741076599.9145372,None
1741076599.9145372,None
1741076604.9289076,None
1741076604.9289076,None
1741076609.9456315,None
1741076609.9456315,None
1741076614.9499412,None
1741076614.9499412,None
1741076619.9518006,None
1741076619.9518006,None
1741076624.9535413,None
1741076624.9535413,None
1741076629.962137,None
1741076629.962137,None
1741076634.9674404,None
1741076634.9674404,None
1741076639.9782922,None
1741076639.9782922,None
1741076644.9869726,None
1741076644.9869726,None
1741076649.9964404,None
1741076649.9964404,None
1741076655.002837,None
1741076655.002837,None
1741076660.0170097,None
1741076660.0170097,None
1741076665.0192575,None
1741076665.0192575,None
1741076670.0235848,None
1741076670.0235848,None
1741076675.0269144,None
1741076675.0269144,None
1741076680.0311196,None
1741076680.0311196,None
1741076685.033518,None
1741076685.033518,None
1741076690.034919,None
1741076690.034919,None
1741076695.0412164,None
1741076695.0412164,None
1741076700.0476203,None
1741076700.0476203,None
1741076705.0494936,None
1741076705.0494936,None
1741076710.0499756,None
1741076710.0499756,None
1741076715.0576003,None
1741076715.0576003,None
1741076720.058135,None
1741076720.058135,None
1741076725.0645258,None
1741076725.0645258,None
1741076730.0797417,None
1741076730.0797417,None
1741076735.080878,None
1741076735.080878,None
1741076740.0809531,None
1741076740.0809531,None
1741076745.0965376,None
1741076745.0965376,None
1741076750.1111364,None
1741076750.1111364,None
1741076755.111395,None
1741076755.111395,None
1741076760.116073,None
1741076760.116073,None
1741076765.1202004,None
1741076765.1202004,None
1741076770.1209471,None
1741076770.1209471,None
1741076775.121983,None
1741076775.121983,None
1741076780.1292434,None
1741076780.1292434,None
1741076785.137198,None
1741076785.137198,None
1741076790.1461968,None
1741076790.1461968,None
1741076795.1539261,None
1741076795.1539261,None
1741076800.1610177,None
1741076800.1610177,None
1741076805.1803384,None
1741076805.1803384,None
1741076810.2030084,None
1741076810.2030084,None
1741076815.2113428,None
1741076815.2113428,None
1741076820.2136312,None
1741076820.2136312,None
1741076825.2195153,None
1741076825.2195153,None
1741076830.2268488,None
1741076830.2268488,None
1741076835.2356308,None
1741076835.2356308,None
1741076840.2476003,None
1741076840.2476003,None
1741076845.2491374,None
1741076845.2491374,None
1741076850.249792,None
1741076850.249792,None
1741076855.263691,None
1741076855.263691,None
1741076860.283482,None
1741076860.283482,None
1741076865.2971077,None
1741076865.2971077,None
1741076870.305413,None
1741076870.305413,None
1741076875.3138368,None
1741076875.3138368,None
1741076880.3207028,None
1741076880.3207028,None
1741076885.3385785,None
1741076885.3385785,None
1741076890.3539922,None
1741076890.3539922,None
1741076895.3556004,None
1741076895.3556004,None
1741076900.356018,None
1741076900.356018,None
1741076905.36207,None
1741076905.36207,None
1741076910.3797886,None
1741076910.3797886,None
1741076915.3938146,None
1741076915.3938146,None
1741076920.3975272,None
1741076920.3975272,None
1741076925.4083834,None
1741076925.4083834,None
1741076930.4178128,None
1741076930.4178128,None
1741076935.4206529,None
1741076935.4206529,None
1741076940.4259527,None
1741076940.4259527,None
1741076945.435884,None
1741076945.435884,None
1741076950.4496377,None
1741076950.4496377,None
1741076955.4545739,None
1741076955.4545739,None
1741076960.4566495,None
1741076960.4566495,None
1741076965.4716418,None
1741076965.4716418,None
1741076970.4736981,None
1741076970.4736981,None
1741076975.4778342,None
1741076975.4778342,None
1741076980.484916,None
1741076980.484916,None
1741076985.493112,None
1741076985.493112,None
1741076990.5045013,None
1741076990.5045013,None
1741076995.513079,None
1741076995.513079,None
1741077000.5275998,None
1741077000.5275998,None
1741077005.5300293,None
1741077005.5300293,None
1741077010.5398893,None
1741077010.5398893,None
1741077015.5405893,None
1741077015.5405893,None
1741077020.5442033,None
1741077020.5442033,None
1741077025.5507872,None
1741077025.5507872,None
1741077030.5545268,None
1741077030.5545268,None
1741077035.5665693,None
1741077035.5665693,None
1741077040.5750353,None
1741077040.5750353,None
1741077045.5785267,None
1741077045.5785267,None
1741077050.5927823,None
1741077050.5927823,None
1741077055.6055064,None
1741077055.6055064,None
1741077060.6203945,None
1741077060.6203945,None
1741077065.6312165,None
1741077065.6312165,None
1741077070.6353316,None
1741077070.6353316,None
1741077075.6473582,None
1741077075.6473582,None
1741077080.654968,None
1741077080.654968,None
1741077085.6651802,None
1741077085.6651802,None
1741077090.672537,None
1741077090.672537,None
1741077095.6793034,None
1741077095.6793034,None
1741077100.688974,None
1741077100.688974,None
1741077105.6907306,None
1741077105.6907306,None
1741077110.71563,None
1741077110.71563,None
1741077115.7169688,None
1741077115.7169688,None
1741077120.72379,None
1741077120.72379,None
1741077125.7241926,None
1741077125.7241926,None
1741077130.7321124,None
1741077130.7321124,None
1741077135.736804,None
1741077135.736804,None
1741077140.7399762,None
1741077140.7399762,None
1741077145.7498791,None
1741077145.7498791,None
1741077150.7537048,None
1741077150.7537048,None
1741077155.7598472,None
1741077155.7598472,None
1741077160.7680829,None
1741077160.7680829,None
1741077165.7692926,None
1741077165.7692926,None
1741077170.7729275,None
1741077170.7729275,None
1741077175.7892756,None
1741077175.7892756,None
1741077180.8150237,None
1741077180.8150237,None
1741077185.82075,None
1741077185.82075,None
1741077190.8225884,None
1741077190.8225884,None
1741077195.8372009,None
1741077195.8372009,None
1741077200.8390963,None
1741077200.8390963,None
1741077205.8403764,None
1741077205.8403764,None
1741077210.8546813,None
1741077210.8546813,None
1741077215.8549833,None
1741077215.8549833,None
1741077220.8659742,None
1741077220.8659742,None
1741077225.871418,None
1741077225.871418,None
1741077230.8732572,None
1741077230.8732572,None
1741077235.883403,None
1741077235.883403,None
1741077240.9064147,None
1741077240.9064147,None
1741077245.9229562,None
1741077245.9229562,None
1741077250.9384215,None
1741077250.9384215,None
1741077255.9391122,None
1741077255.9391122,None
1741077260.9417377,None
1741077260.9417377,None
1741077265.9565632,None
1741077265.9565632,None
1741077270.962584,None
1741077270.962584,None
1741077275.9664915,None
1741077275.9664915,None
1741077280.9770417,None
1741077280.9770417,None
1741077285.9825573,None
1741077285.9825573,None
1741077290.9848833,None
1741077290.9848833,None
1741077295.9850197,None
1741077295.9850197,None
1741077300.9978328,None
1741077300.9978328,None
1741077305.9998195,None
1741077305.9998195,None
1741077311.0038512,None
1741077311.0038512,None
1741077316.0168045,None
1741077316.0168045,None
1741077321.020561,None
1741077321.020561,None
1741077326.02377,None
1741077326.02377,None
1741077331.025637,None
1741077331.025637,None
1741077336.0282636,None
1741077336.0282636,None
1741077341.0319872,None
1741077341.0319872,None
1741077346.0453115,None
1741077346.0453115,None
1741077351.0495389,None
1741077351.0495389,None
1741077356.0651002,None
1741077356.0651002,None
1741077361.0710218,None
1741077361.0710218,None
1741077366.073519,None
1741077366.073519,None
1741077371.0879705,None
1741077371.0879705,None
1741077376.0975628,None
1741077376.0975628,None
1741077381.1051867,None
1741077381.1051867,None
1741077386.1127017,None
1741077386.1127017,None
1741077391.1206949,None
1741077391.1206949,None
1741077396.1289644,None
1741077396.1289644,None
1741077401.1361885,None
1741077401.1361885,None
1741077406.137197,None
1741077406.137197,None
1741077411.150861,None
1741077411.150861,None
1741077416.150999,None
1741077416.150999,None
1741077421.1623366,None
1741077421.1623366,None
1741077426.1697378,None
1741077426.1697378,None
1741077431.1794426,None
1741077431.1794426,None
1741077436.182804,None
1741077436.182804,None
1741077441.195369,None
1741077441.195369,None
1741077446.2087657,None
1741077446.2087657,None
1741077451.2163196,None
1741077451.2163196,None
1741077456.2234464,None
1741077456.2234464,None
1741077461.233057,None
1741077461.233057,None
1741077466.2420018,None
1741077466.2420018,None
1741077471.2456853,None
1741077471.2456853,None
1741077476.2551289,None
1741077476.2551289,None
1741077481.2646747,None
1741077481.2646747,None
1741077486.2818232,None
1741077486.2818232,None
1741077491.2971137,None
1741077491.2971137,None
1741077496.2972174,None
1741077496.2972174,None
1741077501.2976596,None
1741077501.2976596,None
1741077506.30034,None
1741077506.30034,None
1741077511.3075686,None
1741077511.3075686,None
1741077516.3091047,None
1741077516.3091047,None
1741077521.323034,None
1741077521.323034,None
1741077526.3328333,None
1741077526.3328333,None
1741077531.3354719,None
1741077531.3354719,None
1741077536.343127,None
1741077536.343127,None
1741077541.349758,None
1741077541.349758,None
1741077546.3514693,None
1741077546.3514693,None
1741077551.3665218,None
1741077551.3665218,None
1741077556.3778331,None
1741077556.3778331,None
1741077561.3827972,None
1741077561.3827972,None
1741077566.393893,None
1741077566.393893,None
1741077571.3961625,None
1741077571.3961625,None
1741077576.4011743,None
1741077576.4011743,None
1741077581.4088104,None
1741077581.4088104,None
1741077586.423748,None
1741077586.423748,None
1741077591.430923,None
1741077591.430923,None
1741077596.4322107,None
1741077596.4322107,None
1741077601.4383965,None
1741077601.4383965,None
1741077606.44743,None
1741077606.44743,None
1741077611.4483547,None
1741077611.4483547,None
1741077616.4499063,None
1741077616.4499063,None
1741077621.4644387,None
1741077621.4644387,None
1741077626.4696102,None
1741077626.4696102,None
1741077631.4731958,None
1741077631.4731958,None
1741077636.4803143,None
1741077636.4803143,None
1741077641.4868112,None
1741077641.4868112,None
1741077646.4891822,None
1741077646.4891822,None
1741077651.4966464,None
1741077651.4966464,None
1741077656.508787,None
1741077656.508787,None
1741077661.5124328,None
1741077661.5124328,None
1741077666.52368,None
1741077666.52368,None
1741077671.5382926,None
1741077671.5382926,None
1741077676.546641,None
1741077676.546641,None
1741077681.5490181,None
1741077681.5490181,None
1741077686.5716033,None
1741077686.5716033,None
1741077691.5771477,None
1741077691.5771477,None
1741077696.5882332,None
1741077696.5882332,None
1741077701.596224,None
1741077701.596224,None
1741077706.6069684,None
1741077706.6069684,None
1741077711.616065,None
1741077711.616065,None
1741077716.6241262,None
1741077716.6241262,None
1741077721.631371,None
1741077721.631371,None
1741077726.6447423,None
1741077726.6447423,None
1741077731.6456895,None
1741077731.6456895,None
1741077736.655313,None
1741077736.655313,None
1741077741.6774106,None
1741077741.6774106,None
1741077746.677746,None
1741077746.677746,None
1741077751.6777523,None
1741077751.6777523,None
1741077756.6794014,None
1741077756.6794014,None
1741077761.687757,None
1741077761.687757,None
1741077766.695122,None
1741077766.695122,None
1741077771.7099702,None
1741077771.7099702,None
1741077776.7151468,None
1741077776.7151468,None
1741077781.719142,None
1741077781.719142,None
1741077786.7282352,None
1741077786.7282352,None
1741077791.7284298,None
1741077791.7284298,None
1741077796.7449076,None
1741077796.7449076,None
1741077801.7611804,None
1741077801.7611804,None
1741077806.7758236,None
1741077806.7758236,None
1741077811.7772694,None
1741077811.7772694,None
1741077816.790506,None
1741077816.790506,None
1741077821.7940407,None
1741077821.7940407,None
1741077826.8025205,None
1741077826.8025205,None
1741077831.810716,None
1741077831.810716,None
1741077836.815613,None
1741077836.815613,None
1741077841.826886,None
1741077841.826886,None
1741077846.841516,None
1741077846.841516,None
1741077851.8473318,None
1741077851.8473318,None
1741077856.8505414,None
1741077856.8505414,None
1741077861.8583603,None
1741077861.8583603,None
1741077866.8636746,None
1741077866.8636746,None
1741077871.8641222,None
1741077871.8641222,None
1741077876.872703,None
1741077876.872703,None
1741077881.8804252,None
1741077881.8804252,None
1741077886.8894303,None
1741077886.8894303,None
1741077891.903201,None
1741077891.903201,None
1741077896.9207366,None
1741077896.9207366,None
1741077901.9208314,None
1741077901.9208314,None
1741077906.9291716,None
1741077906.9291716,None
1741077911.9410653,None
1741077911.9410653,None
1741077916.9536786,None
1741077916.9536786,None
1741077921.9762774,None
1741077921.9762774,None
1741077926.986555,None
1741077926.986555,None
1741077931.9984398,None
1741077931.9984398,None
1741077937.0033624,None
1741077937.0033624,None
1741077942.0092015,None
1741077942.0092015,None
1741077947.0219955,None
1741077947.0219955,None
1741077952.0323515,None
1741077952.0323515,None
1741077957.0377705,None
1741077957.0377705,None
1741077962.0584784,None
1741077962.0584784,None
1741077967.0717425,None
1741077967.0717425,None
1741077972.0801823,None
1741077972.0801823,None
1741077977.081239,None
1741077977.081239,None
1741077982.0884223,None
1741077982.0884223,None
1741077987.0892923,None
1741077987.0892923,None
1741077992.1058025,None
1741077992.1058025,None
1741077997.123058,None
1741077997.123058,None
1741078002.1284285,None
1741078002.1284285,None
1741078007.1360238,None
1741078007.1360238,None
1741078012.138895,None
1741078012.138895,None
1741078017.1389642,None
1741078017.1389642,None
1741078022.1417158,None
1741078022.1417158,None
1741078027.152697,None
1741078027.152697,None
1741078032.1596172,None
1741078032.1596172,None
1741078037.1664848,None
1741078037.1664848,None
1741078042.172573,None
1741078042.172573,None
1741078047.1751342,None
1741078047.1751342,None
1741078052.1802394,None
1741078052.1802394,None
1741078057.1839895,None
1741078057.1839895,None
1741078062.1990867,None
1741078062.1990867,None
1741078067.2065563,None
1741078067.2065563,None
1741078072.2206159,None
1741078072.2206159,None
1741078077.2240827,None
1741078077.2240827,None
1741078082.2274666,None
1741078082.2274666,None
1741078087.2295556,None
1741078087.2295556,None
1741078092.2410202,None
1741078092.2410202,None
1741078097.246927,None
1741078097.246927,None
1741078102.2470913,None
1741078102.2470913,None
1741078107.2538981,None
1741078107.2538981,None
1741078112.2561812,None
1741078112.2561812,None
1741078117.257267,None
1741078117.257267,None
1741078122.2640245,None
1741078122.2640245,None
1741078127.2712688,None
1741078127.2712688,None
1741078132.2792544,None
1741078132.2792544,None
1741078137.2873256,None
1741078137.2873256,None
1741078142.2957966,None
1741078142.2957966,None
1741078147.300092,None
1741078147.300092,None
1741078152.3090982,None
1741078152.3090982,None
1741078157.3189104,None
1741078157.3189104,None
1741078162.3283439,None
1741078162.3283439,None
1741078167.3427608,None
1741078167.3427608,None
1741078172.3494291,None
1741078172.3494291,None
1741078177.3527687,None
1741078177.3527687,None
1741078182.3573189,None
1741078182.3573189,None
1741078187.3640616,None
1741078187.3640616,None
1741078192.3777547,None
1741078192.3777547,None
1741078197.3821833,None
1741078197.3821833,None
1741078202.3928325,None
1741078202.3928325,None
1741078207.4005013,None
1741078207.4005013,None
1741078212.402634,None
1741078212.402634,None
1741078217.418918,None
1741078217.418918,None
1741078222.4318473,None
1741078222.4318473,None
1741078227.4479306,None
1741078227.4479306,None
1741078232.4514625,None
1741078232.4514625,None
1741078237.4560225,None
1741078237.4560225,None
1741078242.4707487,None
1741078242.4707487,None
1741078247.47756,None
1741078247.47756,None
1741078252.482202,None
1741078252.482202,None
1741078257.4836707,None
1741078257.4836707,None
1741078262.486603,None
1741078262.486603,None
1741078267.4956737,None
1741078267.4956737,None
1741078272.5021973,None
1741078272.5021973,None
1741078277.5120108,None
1741078277.5120108,None
1741078282.5198436,None
1741078282.5198436,None
1741078287.5327964,None
1741078287.5327964,None
1741078292.5362315,None
1741078292.5362315,None
1741078297.545095,None
1741078297.545095,None
1741078302.551448,None
1741078302.551448,None
1741078307.5514524,None
1741078307.5514524,None
1741078312.561114,None
1741078312.561114,None
1741078317.5671966,None
1741078317.5671966,None
1741078322.5749042,None
1741078322.5749042,None
1741078327.585917,None
1741078327.585917,None
1741078332.5962672,None
1741078332.5962672,None
1741078337.5997994,None
1741078337.5997994,None
1741078342.6156392,None
1741078342.6156392,None
1741078347.6202447,None
1741078347.6202447,None
1741078352.6284316,None
1741078352.6284316,None
1741078357.6406898,None
1741078357.6406898,None
1741078362.6461754,None
1741078362.6461754,None
1741078367.6472714,None
1741078367.6472714,None
1741078372.6656122,None
1741078372.6656122,None
1741078377.6744869,None
1741078377.6744869,None
1741078382.6787736,None
1741078382.6787736,None
1741078387.6848793,None
1741078387.6848793,None
1741078392.6954048,None
1741078392.6954048,None
1741078397.707403,None
1741078397.707403,None
1741078402.7127607,None
1741078402.7127607,None
1741078407.7197802,None
1741078407.7197802,None
1741078412.728606,None
1741078412.728606,None
1741078417.732858,None
1741078417.732858,None
1741078422.7489774,None
1741078422.7489774,None
1741078427.7642193,None
1741078427.7642193,None
1741078432.7658854,None
1741078432.7658854,None
1741078437.768854,None
1741078437.768854,None
1741078442.774711,None
1741078442.774711,None
1741078447.7830894,None
1741078447.7830894,None
1741078452.791976,None
1741078452.791976,None
1741078457.7939334,None
1741078457.7939334,None
1741078462.7954211,None
1741078462.7954211,None
1741078467.795733,None
1741078467.795733,None
1741078472.7989683,None
1741078472.7989683,None
1741078477.817506,None
1741078477.817506,None
1741078482.8316624,None
1741078482.8316624,None
1741078487.8388638,None
1741078487.8388638,None
1741078492.840429,None
1741078492.840429,None
1741078497.84757,None
1741078497.84757,None
1741078502.848333,None
1741078502.848333,None
1741078507.8636243,None
1741078507.8636243,None
1741078512.8648608,None
1741078512.8648608,None
1741078517.8732307,None
1741078517.8732307,None
1741078522.873329,None
1741078522.873329,None
1741078527.8801496,None
1741078527.8801496,None
1741078532.8874226,None
1741078532.8874226,None
1741078537.888977,None
1741078537.888977,None
1741078542.8902667,None
1741078542.8902667,None
1741078547.8924708,None
1741078547.8924708,None
1741078552.8962164,None
1741078552.8962164,None
1741078557.9080188,None
1741078557.9080188,None
1741078562.912507,None
1741078562.912507,None
1741078567.9286885,None
1741078567.9286885,None
1741078572.9430852,None
1741078572.9430852,None
1741078577.9586933,None
1741078577.9586933,None
1741078582.9593906,None
1741078582.9593906,None
1741078587.9603233,None
1741078587.9603233,None
1741078592.9752047,None
1741078592.9752047,None
1741078597.9762824,None
1741078597.9762824,None
1741078602.9849246,None
1741078602.9849246,None
1741078607.9893558,None
1741078607.9893558,None
1741078612.998926,None
1741078612.998926,None
1741078618.0047555,None
1741078618.0047555,None
1741078623.0123765,None
1741078623.0123765,None
1741078628.0261333,None
1741078628.0261333,None
1741078633.029984,None
1741078633.029984,None
1741078638.039053,None
1741078638.039053,None
1741078643.0452724,None
1741078643.0452724,None
1741078648.055269,None
1741078648.055269,None
1741078653.0662053,None
1741078653.0662053,None
1741078658.0858917,None
1741078658.0858917,None
1741078663.0878563,None
1741078663.0878563,None
1741078668.1036708,None
1741078668.1036708,None
1741078673.1116338,None
1741078673.1116338,None
1741078678.1187274,None
1741078678.1187274,None
1741078683.1257546,None
1741078683.1257546,None
1741078688.1304016,None
1741078688.1304016,None
1741078693.135987,None
1741078693.135987,None
1741078698.152422,None
1741078698.152422,None
1741078703.160017,None
1741078703.160017,None
1741078708.1611776,None
1741078708.1611776,None
1741078713.1681714,None
1741078713.1681714,None
1741078718.1837282,None
1741078718.1837282,None
1741078723.1922247,None
1741078723.1922247,None
1741078728.1967082,None
1741078728.1967082,None
1741078733.1991723,None
1741078733.1991723,None
1741078738.208284,None
1741078738.208284,None
1741078743.2229953,None
1741078743.2229953,None
1741078748.232102,None
1741078748.232102,None
1741078753.2455368,None
1741078753.2455368,None
1741078758.2487574,None
1741078758.2487574,None
1741078763.2563057,None
1741078763.2563057,None
1741078768.265078,None
1741078768.265078,None
1741078773.272192,None
1741078773.272192,None
1741078778.2804644,None
1741078778.2804644,None
1741078783.2871685,None
1741078783.2871685,None
1741078788.2973433,None
1741078788.2973433,None
1741078793.304438,None
1741078793.304438,None
1741078798.313782,None
1741078798.313782,None
1741078803.3302698,None
1741078803.3302698,None
1741078808.3437223,None
1741078808.3437223,None
1741078813.3539164,None
1741078813.3539164,None
1741078818.3585773,None
1741078818.3585773,None
1741078823.3694518,None
1741078823.3694518,None
1741078828.375097,None
1741078828.375097,None
1741078833.3834088,None
1741078833.3834088,None
1741078838.3910482,None
1741078838.3910482,None
1741078843.391663,None
1741078843.391663,None
1741078848.399197,None
1741078848.399197,None
1741078853.408788,None
1741078853.408788,None
1741078858.4163597,None
1741078858.4163597,None
1741078863.4302645,None
1741078863.4302645,None
1741078868.4425416,None
1741078868.4425416,None
1741078873.4499786,None
1741078873.4499786,None
1741078878.4629595,None
1741078878.4629595,None
1741078883.4633722,None
1741078883.4633722,None
1741078888.4698617,None
1741078888.4698617,None
1741078893.4786901,None
1741078893.4786901,None
1741078898.4883952,None
1741078898.4883952,None
1741078903.496541,None
1741078903.496541,None
1741078908.5031252,None
1741078908.5031252,None
1741078913.5124557,None
1741078913.5124557,None
1741078918.5275667,None
1741078918.5275667,None
1741078923.5434947,None
1741078923.5434947,None
1741078928.5470295,None
1741078928.5470295,None
1741078933.5582523,None
1741078933.5582523,None
1741078938.563202,None
1741078938.563202,None
1741078943.569046,None
1741078943.569046,None
1741078948.5754235,None
1741078948.5754235,None
1741078953.5765743,None
1741078953.5765743,None
1741078958.5919812,None
1741078958.5919812,None
1741078963.6015549,None
1741078963.6015549,None
1741078968.6080863,None
1741078968.6080863,None
1741078973.6152601,None
1741078973.6152601,None
1741078978.6293056,None
1741078978.6293056,None
1741078983.6390984,None
1741078983.6390984,None
1741078988.6392906,None
1741078988.6392906,None
1741078993.639875,None
1741078993.639875,None
1741078998.646294,None
1741078998.646294,None
1741079003.6546066,None
1741079003.6546066,None
1741082341.6659918,None
1741082341.6659918,None
1741082365.5541553,None
1741082365.5541553,None
1741082370.5693731,None
1741082370.5693731,None
1741082375.5769289,None
1741082375.5769289,None
1741082380.5828319,None
1741082380.5828319,None
1741082385.5866678,None
1741082385.5866678,None
1741082390.6003315,None
1741082390.6003315,None
1741082395.6046872,None
1741082395.6046872,None
1741093921.0230813,None
1741093921.0230813,None
1741107951.9309852,None
1741107951.9309852,None
1741107956.9361572,None
1741107956.9361572,None
1741107961.9394267,None
1741107961.9394267,None
1741107966.9538667,None
1741107966.9538667,None
1741107971.9564352,None
1741107971.9564352,None
1741107976.9609478,None
1741107976.9609478,None
1741107981.9610138,None
1741107981.9610138,None
1741107986.9669397,None
1741107986.9669397,None
1741107991.976135,None
1741107991.976135,None
1741107996.9909663,None
1741107996.9909663,None
1741108001.998887,None
1741108001.998887,None
1741108007.0125256,None
1741108007.0125256,None
1741108012.0271704,None
1741108012.0271704,None
1741108017.036863,None
1741108017.036863,None
1741108022.037212,None
1741108022.037212,None
1741108027.0433629,None
1741108027.0433629,None
1741108032.0459452,None
1741108032.0459452,None
1741108037.0611272,None
1741108037.0611272,None
1741108042.06434,None
1741108042.06434,None
1741108047.0761216,None
1741108047.0761216,None
1741108052.0851228,None
1741108052.0851228,None
1741108057.0972087,None
1741108057.0972087,None
1741108062.098727,None
1741108062.098727,None
1741108067.1086357,None
1741142207.4882305,None
1741142212.4930208,None
1741142217.4935553,None
1741142222.5011292,None
1741142227.5180407,None
1741142232.5286717,None
1741142237.5373857,None
1741142242.5526505,None
1741142247.5634801,None
1741142252.5711842,None
1741142257.575197,None
1741142262.5851164,None
1741142267.5995796,None
1741142272.6109827,None
1741142277.6159356,None
1741142282.6245632,None
1741142287.6319878,None
1741142292.6472702,None
1741142297.6533134,None
1741142302.668603,None
1741142307.6691508,None
1741142312.6827478,None
1741142317.6953392,None
1741142322.6959653,None
1741142327.710297,None
1741142332.7115438,None
1741142337.7133722,None
1741142342.7192116,None
1741142347.7227721,None
1741142352.7356677,None
1741142357.742581,None
1741142362.7480257,None
1741142367.7599666,None
1741142372.767572,None
1741142377.7755141,None
1741142382.782536,None
1741142387.7914414,None
1741142392.8008485,None
1741142397.8054638,None
1741142402.8154798,None
1741142407.8156598,None
1741142412.8307235,None
1741142417.8404174,None
1741142422.8469884,None
1741142427.855718,None
1741142432.8642814,None
1741142437.8715186,None
1741142442.8797803,None
1741142447.8875391,None
1741142452.8952565,None
1741142457.9026697,None
1741142462.9120204,None
1741142467.915274,None
1741142472.9286635,None
1741142477.936566,None
1741142482.9426339,None
1741142487.950253,None
1741142492.9595451,None
1741142497.9670453,None
1741142502.9746788,None
1741142507.9838727,None
1741142512.9905183,None
1741142517.9983885,None
1741142523.0102816,None
1741142528.0159547,None
1741142533.0285294,None
1741142538.0309772,None
1741142543.0391903,None
1741142548.048313,None
1741142553.0583684,None
1741142558.06371,None
1741142563.0703819,None
1741142568.076137,None
1741142573.0874379,None
1741142578.0953512,None
1741142583.1045883,None
1741142588.111434,None
1741142593.1115382,None
1741142598.1176665,None
1741142603.1298506,None
1741142608.1425927,None
1741142613.150297,None
1741142618.1591916,None
1741142623.163905,None
1741142628.174442,None
1741142633.1794384,None
1741142638.1852512,None
1741142643.1969032,None
1741142648.2061832,None
1741142653.2134523,None
1741142658.2298422,None
1741142663.2401826,None
1741142668.2518475,None
1741142673.278278,None
1741142678.2862453,None
1741142683.287143,None
1741142688.2872045,None
1741142693.296064,None
1741142698.3201733,None
1741142703.3266244,None
1741142708.340319,None
1741142713.34547,None
1741142718.3482392,None
1741142723.3623326,None
1741142728.3823366,None
1741142733.389899,None
1741142738.3952715,None
1741142743.3958821,None
1741142748.3961174,None
1741142753.4102066,None
1741142758.4123037,None
1741142763.4145966,None
1741142768.4254074,None
1741142773.4276981,None
1741142778.4297872,None
1741142783.4390852,None
1741142788.4442668,None
1741142793.4597027,None
1741142798.477625,None
1741142803.4931161,None
1741142808.4948885,None
1741142813.5071857,None
1741142818.5096972,None
1741142823.5224314,None
1741142828.5263183,None
1741142833.5299904,None
1741142838.5362775,None
1741142843.542934,None
1741142848.5450299,None
1741142853.5584083,None
1741142858.575566,None
1741142863.578776,None
1741142868.5898364,None
1741142873.592198,None
1741142878.598876,None
1741142883.6095383,None
1741142888.6219537,None
1741142893.6245627,None
1741142898.6329343,None
1741142903.6465173,None
1741142908.6705382,None
1741142913.679175,None
1741142918.685973,None
1741142923.689874,None
1741142928.6987205,None
1741142933.7089746,None
1741142938.7106612,None
1741142943.727056,None
1741142948.7372725,None
1741142953.748288,None
1741142958.754455,None
1741142963.7569003,None
1741142968.7642107,None
1741142973.7770443,None
1741142978.7824628,None
1741142983.7843015,None
1741142988.7995694,None
1741142993.8078787,None
1741142998.8079348,None
1741143003.8227136,None
1741143008.824289,None
1741143013.8388026,None
1741143018.8458366,None
1741143023.8549645,None
1741143028.861567,None
1741143033.870071,None
1741143038.8787034,None
1741143043.886631,None
1741143048.8946488,None
1741143053.9034588,None
1741143058.9092677,None
1741143063.918138,None
1741143068.9257147,None
1741143073.9369757,None
1741143078.9405184,None
1741143083.9439747,None
1741143088.946259,None
1741143093.9510715,None
1741143098.959702,None
1741143103.960718,None
1741143108.9671762,None
1741143113.9779892,None
1741143118.9863412,None
1741143123.9935777,None
1741143128.9972212,None
1741143134.0062702,None
1741143139.016307,None
1741143144.0260792,None
1741143149.0264409,None
1741143154.034352,None
1741143159.0492525,None
1741143164.056738,None
1741143169.0659556,None
1741143174.069923,None
1741143179.0721889,None
1741143184.088144,None
1741143189.0970163,None
1741143194.1111975,None
1741143199.1264513,None
1741143204.1349986,None
1741143209.141977,None
1741143214.1507795,None
1741143219.1567833,None
1741143224.165299,None
1741143229.1817937,None
1741143234.187354,None
1741143239.190146,None
1741143244.206349,None
1741143249.2168021,None
1741143254.2265291,None
1741143259.2330647,None
1741143264.2398024,None
1741143269.249267,None
1741143274.259056,None
1741143279.2643323,None
1741143284.2718377,None
1741143289.2893424,None
1741143294.2956376,None
1741143299.3033645,None
1741143304.3101058,None
1741143309.3239198,None
1741143314.3281872,None
1741143319.3351505,None
1741143324.348486,None
1741143329.3557973,None
1741143334.3651261,None
1741143639.246885,None
1741143644.2611837,None
1741143649.268634,None
1741143654.2831402,None
1741143659.283607,None
1741143664.287517,None
1741143669.309772,None
1741143674.3192124,None
1741143679.3347092,None
1741143684.3370764,None
1741143689.3451104,None
1741143694.3486574,None
1741143699.3552494,None
1741143704.3629596,None
1741143709.370051,None
1741143714.3782353,None
1741143719.38629,None
1741143724.3882208,None
1741143729.4001236,None
1741143734.4008029,None
1741143739.406733,None
1741143744.4199228,None
1741143749.4266918,None
1741143754.4282558,None
1741143759.4352372,None
1741143764.4427538,None
1741143769.4487703,None
1741143870.070746,None
1741143875.071716,None
1741143880.08464,None
1741143885.0927415,None
1741143890.0998921,None
1741143895.1074102,None
1741143900.1201732,None
1741143905.1237483,None
1741143910.1289454,None
1741143915.133263,None
1741143920.14982,None
1741143925.1637206,None
1741143930.1652498,None
1741143935.1764853,None
1741143940.1799734,None
1741143945.180711,None
1741143950.1892352,None
1741143955.1961172,None
1741143960.207291,None
1741143965.2192237,None
1741143970.220706,None
1741143975.2272942,None
1741143980.2291534,None
1741143985.230346,None
1741143990.2436397,None
1741143995.255113,None
1741144000.2620814,None
1741144005.2727125,None
1741144010.2832427,None
1741144015.2996001,None
1741144020.3130856,None
1741144025.321341,None
1741144030.3295276,None
1741144035.3368487,None
1741144040.3423321,None
1741144045.347203,None
1741144050.352458,None
1741144055.3528316,None
1741144060.368614,None
1741144065.3914747,None
1741144070.3920438,None
1741144075.397051,None
1741144080.398548,None
1741144085.4001029,None
1741144090.414781,None
1741144095.4269843,None
1741144100.4292867,None
1741144105.4315262,None
1741144110.4329417,None
1741144115.442716,None
1741144120.4503016,None
1741144125.4577315,None
1741144130.4625604,None
1741144135.4649794,None
1741144140.476418,None
1741144145.4890752,None
1741144150.4933615,None
1741144155.4951844,None
1741144160.5074635,None
1741144165.523163,None
1741144170.526179,None
1741144175.535095,None
1741144180.5364363,None
1741144185.540739,None
1741144190.5490222,None
1741144195.5565476,None
1741144200.5712872,None
1741144205.5732136,None
1741144210.588481,None
1741144215.606884,None
1741144220.6117783,None
1741144225.6141405,None
1741144230.6187692,None
1741144235.6255388,None
1741144240.6294587,None
1741144245.6353815,None
1741144250.6366217,None
1741144255.6487584,None
1741144260.6569433,None
1741144265.6610823,None
1741144270.6725574,None
1741144275.672576,None
1741144280.6803067,None
1741144285.6956904,None
1741144290.7058535,None
1741144295.7097676,None
1741144300.7160087,None
1741144305.7184582,None
1741144310.7245982,None
1741144315.7327132,None
1741144320.7379253,None
1741147977.3158364,None
1741147977.3158364,None
1741147982.324041,None
1741147982.324041,None
1741147987.3271356,None
1741147987.3271356,None
1741147992.3323333,None
1741147992.3323333,None
1741147997.3423953,None
1741147997.3423953,None
1741148002.3495204,None
1741148002.3495204,None
1741148007.3534644,None
1741148007.3534644,None
1741148012.3609078,None
1741148012.3609078,None
1741148054.2811553,None
1741148059.30128,None
1741148059.30128,None
1741148064.3055673,None
1741148064.3055673,None
1741148069.3108482,None
1741148069.3108482,None
1741148074.323495,None
1741148074.323495,None
1741148079.3267958,None
1741148079.3267958,None
1741148084.3293626,None
1741148084.3293626,None
1741148089.338809,None
1741148089.338809,None
1741148094.351778,None
1741148094.351778,None
1741148099.361791,None
1741148099.361791,None
1741148104.368511,None
1741148104.368511,None
1741148109.3780317,None
1741148109.3780317,None
1741148114.3869398,None
1741148114.3869398,None
1741148119.387157,None
1741148119.387157,None
1741148124.389961,None
1741148124.389961,None
1741148129.404479,None
1741148129.404479,None
1741148134.4047976,None
1741148134.4047976,None
1741148139.4137132,None
1741148139.4137132,None
1741148144.4165905,None
1741148144.4165905,None
1741148195.5899186,None
1741148200.6047568,None
1741148200.6047568,None
1741148205.6118898,None
1741148205.6118898,None
1741148210.6159954,None
1741148210.6159954,None
1741148215.628032,None
1741148215.628032,None
1741148220.6352386,None
1741148220.6352386,None
1741148225.6388955,None
1741148225.6388955,None
1741148230.6445987,None
1741148230.6445987,None
1741148305.6558728,None
1741148310.6745048,None
1741148310.6745048,None
1741148315.6840308,None
1741148315.6840308,None
1741148320.6990445,None
1741148320.6990445,None
1741148325.7076645,None
1741148325.7076645,None
1741148330.7176435,None
1741148330.7176435,None
1741148335.72265,None
1741148335.72265,None
1741148340.7313595,None
1741148340.7313595,None
1741148345.739987,None
1741148345.739987,None
1741148350.7426999,None
1741148350.7426999,None
1741148355.7496457,None
1741148355.7496457,None
1741148360.7641354,None
1741148360.7641354,None
1741148365.7724469,None
1741148365.7724469,None
1741148370.778181,None
1741148370.778181,None
1741148375.7893605,None
1741148375.7893605,None
1741148380.794113,None
1741148380.794113,None
1741148385.802317,None
1741148385.802317,None
1741148390.811114,None
1741148390.811114,None
